-- First: Insert all new modeling/fashion/clothing skill slugs into skill_definitions
INSERT INTO skill_definitions (slug, display_name, description) VALUES
('modeling_basic_posing', 'Basic Posing', 'Learn angles, expressions, and body language for the camera.'),
('modeling_professional_posing', 'Professional Posing', 'Deliver versatile poses that convey mood, brand, and editorial vision.'),
('modeling_mastery_posing', 'Posing Mastery', 'Every frame is iconic — your poses define campaigns and eras.'),
('modeling_basic_runway', 'Basic Runway', 'Walk with confidence, maintain pace, and hit your mark.'),
('modeling_professional_runway', 'Professional Runway', 'Command the catwalk with signature walks and dramatic turns.'),
('modeling_mastery_runway', 'Runway Mastery', 'Your runway presence stops shows and trends globally.'),
('modeling_basic_camera', 'Basic Camera Work', 'Stay natural, follow direction, and avoid common beginner mistakes.'),
('modeling_professional_camera', 'Professional Camera Presence', 'Engage the lens with magnetism and convey emotion effortlessly.'),
('modeling_mastery_camera', 'Camera Mastery', 'The camera loves you — every shot is cover-worthy.'),
('modeling_basic_commercial', 'Basic Commercial', 'Smile, look approachable, and sell everyday products.'),
('modeling_professional_commercial', 'Professional Commercial', 'Land national campaigns and bring brand stories to life.'),
('modeling_mastery_commercial', 'Commercial Mastery', 'You are the face of the biggest brands on earth.'),
('modeling_basic_editorial', 'Basic Editorial', 'Interpret artistic concepts and work with creative teams.'),
('modeling_professional_editorial', 'Professional Editorial', 'Bring avant-garde visions to life for top magazines.'),
('modeling_mastery_editorial', 'Editorial Mastery', 'Your editorial work is art — museum-worthy and genre-defining.'),
('modeling_basic_brand', 'Basic Brand Work', 'Represent brands authentically and build early partnerships.'),
('modeling_professional_brand', 'Professional Brand Strategy', 'Negotiate multi-campaign deals and manage brand relationships.'),
('modeling_mastery_brand', 'Brand Empire', 'Launch your own brand or become the lifetime face of a fashion house.'),
('fashion_basic_fundamentals', 'Basic Fashion Knowledge', 'Study fashion history, silhouettes, and style principles.'),
('fashion_professional_fundamentals', 'Professional Fashion Theory', 'Analyze trends, forecast seasons, and develop design philosophy.'),
('fashion_mastery_fundamentals', 'Fashion Mastery', 'You set the trends — your vision shapes the industry.'),
('fashion_basic_textiles', 'Basic Textiles', 'Identify fabrics, understand weaves, and learn material properties.'),
('fashion_professional_textiles', 'Professional Materials', 'Source premium fabrics and work with exotic textiles.'),
('fashion_mastery_textiles', 'Textile Mastery', 'Develop proprietary fabrics and revolutionize material science in fashion.'),
('fashion_basic_patterns', 'Basic Patterns', 'Draft basic patterns, take measurements, and create templates.'),
('fashion_professional_patterns', 'Professional Pattern Design', 'Engineer complex patterns for couture and ready-to-wear.'),
('fashion_mastery_patterns', 'Pattern Mastery', 'Your pattern innovations redefine garment construction.'),
('fashion_basic_styling', 'Basic Styling', 'Coordinate outfits, understand color theory, and build mood boards.'),
('fashion_professional_styling', 'Professional Aesthetics', 'Curate collections with cohesive visual narratives.'),
('fashion_mastery_styling', 'Style Mastery', 'Your aesthetic is instantly recognizable and globally influential.'),
('fashion_basic_business', 'Basic Fashion Business', 'Understand fashion supply chains, pricing, and retail basics.'),
('fashion_professional_business', 'Professional Fashion Management', 'Manage production runs, distribution, and fashion house operations.'),
('fashion_mastery_business', 'Fashion Empire', 'Build a global fashion empire with multiple revenue streams.'),
('clothing_basic_construction', 'Basic Construction', 'Sew seams, set zippers, and assemble basic garments.'),
('clothing_professional_construction', 'Professional Garment Making', 'Construct tailored pieces with precision finishing and quality control.'),
('clothing_mastery_construction', 'Construction Mastery', 'Your construction quality rivals the finest ateliers in the world.'),
('clothing_basic_branding', 'Basic Clothing Brand', 'Create a brand identity, logo, and positioning strategy.'),
('clothing_professional_branding', 'Professional Brand Identity', 'Build brand recognition through marketing, collabs, and storytelling.'),
('clothing_mastery_branding', 'Brand Legend', 'Your brand is a cultural icon — worn by celebrities and revered globally.'),
('clothing_basic_genre_aesthetics', 'Basic Genre Style', 'Study the visual identities of music genres and subcultures.'),
('clothing_professional_genre_aesthetics', 'Professional Genre Fashion', 'Design genre-authentic clothing that resonates with fan communities.'),
('clothing_mastery_genre_aesthetics', 'Genre Fashion Mastery', 'Your designs define the look of entire music movements.'),
('clothing_basic_retail', 'Basic Retail', 'Set up a shop, price items, and manage basic inventory.'),
('clothing_professional_retail', 'Professional Shop Management', 'Optimize sales, manage staff, and run multi-location retail.'),
('clothing_mastery_retail', 'Retail Empire', 'Your retail operation is a global chain with flagship stores worldwide.')
ON CONFLICT (slug) DO NOTHING;

-- Now seed books
INSERT INTO skill_books (skill_slug, title, author, description, price, base_reading_days, skill_percentage_gain, required_skill_level, category) VALUES
('modeling_basic_posing', 'The Art of the Pose', 'Adriana Voss', 'Master angles, expressions, and body language fundamentals for the camera.', 200, 3, 0.15, 0, 'Modeling & Fashion'),
('modeling_basic_runway', 'Runway Confidence', 'Tyra LaRue', 'Learn to command the catwalk with poise, pace, and presence.', 250, 3, 0.15, 0, 'Modeling & Fashion'),
('modeling_basic_camera', 'Camera Ready', 'Giselle Park', 'Stay natural, follow direction, and develop on-camera magnetism.', 250, 3, 0.15, 0, 'Modeling & Fashion'),
('modeling_basic_commercial', 'Commercial Appeal', 'Blake Harmon', 'The guide to landing national ad campaigns and product shoots.', 200, 3, 0.15, 0, 'Modeling & Fashion'),
('modeling_basic_editorial', 'Editorial Vision', 'Coco Delacroix', 'Interpret artistic concepts and bring avant-garde visions to life.', 300, 4, 0.15, 0, 'Modeling & Fashion'),
('modeling_professional_posing', 'Advanced Posing Techniques', 'Adriana Voss', 'Deliver versatile poses that convey mood, brand, and editorial intent.', 500, 4, 0.12, 250, 'Modeling & Fashion'),
('modeling_professional_runway', 'The Supermodel Walk', 'Naomi Kingsley', 'Signature walks, dramatic turns, and runway showmanship at the highest level.', 600, 4, 0.12, 250, 'Modeling & Fashion'),
('modeling_professional_camera', 'Lens & Light Mastery', 'Giselle Park', 'Engage the lens with magnetism and convey emotion effortlessly on set.', 550, 4, 0.12, 250, 'Modeling & Fashion'),
('fashion_basic_fundamentals', 'Fashion Design 101', 'Karl Stein', 'Study fashion history, silhouettes, color theory, and core design principles.', 300, 4, 0.15, 0, 'Fashion & Clothing'),
('fashion_basic_textiles', 'Textiles: A Designers Guide', 'Valentina Rossi', 'Identify fabrics, understand weaves, and learn material properties.', 300, 4, 0.15, 0, 'Fashion & Clothing'),
('fashion_basic_patterns', 'Pattern Making Essentials', 'Hiroshi Tanaka', 'Draft basic patterns, take measurements, and create garment templates.', 350, 4, 0.15, 0, 'Fashion & Clothing'),
('fashion_basic_styling', 'Style & Aesthetics', 'Isabella Fontaine', 'Coordinate outfits, build mood boards, and develop visual narratives.', 250, 3, 0.15, 0, 'Fashion & Clothing'),
('fashion_professional_fundamentals', 'Trend Forecasting & Theory', 'Karl Stein', 'Analyze trends, forecast seasons, and develop a design philosophy.', 700, 4, 0.12, 250, 'Fashion & Clothing'),
('clothing_basic_construction', 'Garment Construction Basics', 'Mei Lin Chen', 'Sew seams, set zippers, and assemble garments with proper technique.', 400, 4, 0.15, 0, 'Clothing Design'),
('clothing_basic_branding', 'Building a Clothing Brand', 'Alexander Wu', 'Create brand identity, logo design, and positioning strategy from scratch.', 350, 4, 0.15, 0, 'Clothing Design'),
('clothing_basic_genre_aesthetics', 'Music & Fashion Crossover', 'DJ Fashionista', 'Study the visual identities of music genres and design for subcultures.', 300, 3, 0.15, 0, 'Clothing Design');

-- Seed mentors
INSERT INTO education_mentors (name, focus_skill, description, specialty, cost, base_xp, difficulty, required_skill_value, skill_gain_ratio, is_active, city_id, lore_biography, lore_achievement) VALUES
('Naomi Fierce', 'modeling_mastery_posing', 'The queen of the catwalk teaches posing at its absolute pinnacle.', 'Posing & Presence', 50000, 200, 'master', 500, 2.0, true, '9f26ad86-51ed-4477-856d-610f14979310', 'Former top supermodel who walked for every major fashion house in her 20-year career.', 'Named Model of the Century by Vogue International'),
('Karl Stein', 'fashion_mastery_fundamentals', 'Legendary designer who shaped modern fashion theory and trend forecasting.', 'Fashion Design Theory', 100000, 250, 'master', 500, 2.0, true, '13d450a9-eab3-430c-b5d1-377e5d3f2539', 'Revolutionary fashion designer who founded three iconic fashion houses and mentored dozens of industry leaders.', 'Won the Lifetime Achievement Award at Paris Fashion Week'),
('Valentina Rossi', 'fashion_mastery_textiles', 'Master textile innovator who has revolutionized fabric technology in haute couture.', 'Textile & Material Science', 75000, 220, 'master', 500, 2.0, true, 'f9f69906-15a6-4db9-8b7d-1987eb3cd722', 'Third-generation Italian textile artisan who combines traditional weaving with cutting-edge materials.', 'Developed the proprietary silk-carbon blend used by top fashion houses'),
('Alexander Wu', 'clothing_mastery_construction', 'Master tailor and garment engineer whose construction techniques are studied worldwide.', 'Garment Engineering', 80000, 230, 'master', 500, 2.0, true, '89b8b930-4fce-4776-a470-8943364ea120', 'Tokyo-born master tailor who trained in Savile Row before founding his own atelier in Shibuya.', 'His bespoke suits are worn by world leaders and A-list celebrities'),
('Tyra LaRue', 'modeling_professional_runway', 'Retired supermodel turned runway coach who trains the next generation of catwalk stars.', 'Runway & Presentation', 30000, 150, 'advanced', 200, 1.5, true, 'a6d76b84-df38-4efb-9fc1-4bd882e31d1a', 'Opened and closed more fashion shows than any other model in the past decade.', 'Created the signature power stride taught at top modeling schools'),
('Isabella Fontaine', 'fashion_professional_styling', 'Celebrity stylist who has dressed everyone from pop stars to presidents.', 'Style & Aesthetics', 45000, 180, 'advanced', 200, 1.5, true, '13d450a9-eab3-430c-b5d1-377e5d3f2539', 'Parisian stylist known for her impeccable taste and ability to create viral red carpet moments.', 'Styled 15 Met Gala best-dressed winners'),
('Marcus Blackwell', 'clothing_mastery_branding', 'Built a streetwear empire from nothing — now teaches brand building at the highest level.', 'Fashion Branding & Commerce', 60000, 200, 'master', 500, 2.0, true, 'cb7bdfa8-5558-4ffd-9d0f-235920ac269a', 'Started screen-printing t-shirts in his garage; now runs a $500M streetwear empire.', 'His brand collab with a major rapper broke every sales record in fashion history'),
('Yuki Shimada', 'clothing_professional_genre_aesthetics', 'Genre fashion specialist who designs for musicians and understands the intersection of music and style.', 'Genre Aesthetics & Music Fashion', 40000, 170, 'advanced', 200, 1.5, true, '65b3346d-0fc9-4319-b711-84a3d553d22b', 'K-pop stylist turned fashion designer whose genre-specific collections sell out within hours.', 'Dressed 3 of the top 10 best-selling K-pop groups');

-- Seed university courses
INSERT INTO university_courses (university_id, skill_slug, name, description, base_price, base_duration_days, required_skill_level, xp_per_day_min, xp_per_day_max) VALUES
('853b1073-ff7a-4d3a-ad3a-4ab408b6da95', 'modeling_basic_posing', 'Introduction to Modeling', 'Learn the foundations of posing, angles, and camera awareness.', 500, 14, 0, 2, 4),
('853b1073-ff7a-4d3a-ad3a-4ab408b6da95', 'modeling_basic_runway', 'Runway Fundamentals', 'Master walking techniques, pacing, and catwalk confidence.', 600, 14, 0, 2, 4),
('3330cd55-2305-476e-bb8a-60bbd08fbc60', 'modeling_professional_posing', 'Advanced Posing & Expression', 'Develop versatile posing that conveys mood and brand identity.', 1200, 21, 250, 3, 5),
('3330cd55-2305-476e-bb8a-60bbd08fbc60', 'modeling_professional_camera', 'Camera Presence Masterclass', 'Engage the lens with magnetism and effortless emotion.', 1200, 21, 250, 3, 5),
('3330cd55-2305-476e-bb8a-60bbd08fbc60', 'fashion_basic_fundamentals', 'Fashion Design Foundations', 'Study fashion history, silhouettes, and core design principles.', 800, 14, 0, 2, 4),
('3330cd55-2305-476e-bb8a-60bbd08fbc60', 'fashion_basic_styling', 'Styling & Visual Narrative', 'Coordinate outfits, build mood boards, and curate aesthetic visions.', 750, 14, 0, 2, 4),
('11de453a-8be7-40c8-b08e-f6eb203e75d9', 'fashion_basic_textiles', 'Italian Textile Traditions', 'Learn from Milans centuries-old textile heritage and modern fabric innovations.', 900, 14, 0, 2, 5),
('11de453a-8be7-40c8-b08e-f6eb203e75d9', 'fashion_professional_fundamentals', 'Advanced Fashion Theory', 'Trend forecasting, seasonal planning, and design philosophy at the professional level.', 1800, 21, 250, 3, 6),
('53bc823a-a313-4254-ab4c-be3d6f6bc69b', 'fashion_basic_patterns', 'Pattern Making & Draping', 'Master pattern drafting, measurements, and garment templates in the Italian tradition.', 900, 14, 0, 2, 5),
('53bc823a-a313-4254-ab4c-be3d6f6bc69b', 'fashion_professional_textiles', 'Professional Materials & Sourcing', 'Source premium fabrics and work with exotic textiles from global suppliers.', 1600, 21, 250, 3, 6),
('53bc823a-a313-4254-ab4c-be3d6f6bc69b', 'clothing_basic_construction', 'Garment Construction Workshop', 'Hands-on sewing, zipper setting, and basic garment assembly techniques.', 1000, 14, 0, 2, 4),
('0e3427f1-6e4c-41e7-b200-98104d5750c4', 'modeling_basic_commercial', 'Commercial Modeling Basics', 'Learn approachability, product selling, and commercial shoot techniques.', 500, 14, 0, 2, 4),
('0e3427f1-6e4c-41e7-b200-98104d5750c4', 'modeling_basic_editorial', 'Editorial Modeling & Art Direction', 'Interpret artistic concepts and collaborate with creative teams.', 600, 14, 0, 2, 4),
('0e3427f1-6e4c-41e7-b200-98104d5750c4', 'clothing_basic_genre_aesthetics', 'K-Pop & Genre Fashion Design', 'Study the visual identities of music genres with a focus on K-pop aesthetics.', 700, 14, 0, 2, 5),
('2c0cb136-4796-4934-868a-87a288cc8a6b', 'fashion_basic_business', 'Fashion Business Fundamentals', 'Understand fashion supply chains, pricing, and retail economics.', 800, 14, 0, 2, 4),
('2c0cb136-4796-4934-868a-87a288cc8a6b', 'clothing_basic_branding', 'Building a Fashion Brand', 'Brand identity creation, logo design, and market positioning strategies.', 750, 14, 0, 2, 4),
('2c0cb136-4796-4934-868a-87a288cc8a6b', 'clothing_basic_retail', 'Retail & Commerce Foundations', 'Shop setup, pricing strategies, and inventory management basics.', 700, 14, 0, 2, 4),
('3330cd55-2305-476e-bb8a-60bbd08fbc60', 'clothing_professional_construction', 'Advanced Garment Engineering', 'Construct tailored pieces with precision finishing and quality control.', 2000, 28, 250, 3, 6),
('3330cd55-2305-476e-bb8a-60bbd08fbc60', 'clothing_professional_branding', 'Fashion Brand Management', 'Build brand recognition through marketing, collaborations, and storytelling.', 1800, 21, 250, 3, 5),
('3330cd55-2305-476e-bb8a-60bbd08fbc60', 'modeling_basic_brand', 'Brand Collaboration & Partnerships', 'Represent brands authentically and build early industry partnerships.', 600, 14, 0, 2, 4);